,dose,surv,average
1,117.5,44,49.5
2,117.5,55,35.5
3,235,16,14.5
4,235,13,8.5
5,470,4,4.026666667
6,470,1.96,2.86
7,470,6.12,2.313333333
8,705,0.5,0.41
9,705,0.32,0.215
10,940,0.11,0.211
11,940,0.015,0.185
12,940,0.019,0.241666667
13,1410,0.7,0.353
14,1410,0.006,0.353
